{
  "format_version": "1.20.10",
  "minecraft:recipe_shaped": {
    "description": {
    "identifier": "minecraft:birch_wood_stripped"
    },

    
    "tags": [ "crafting_table" ],
    "group": "wood",
    "pattern": [
      "##",
      "##"
    ],
    "key": {
      "#": {
        "item": "minecraft:stripped_birch_log"
      }
    },
	"unlock": [
      {
        "item": "minecraft:stripped_birch_log"
      }
    ],
    "result": {
      "item": "minecraft:wood",
      "data": 10,
      "count": 3
    }
  }
}
