{
  "format_version": "1.20.10",
  "minecraft:recipe_shaped": {
    "description": {
    "identifier": "minecraft:blue_stained_glass_pane"
    },

    
    "tags": [ "crafting_table" ],
    "group": "stained_glass_pane",
    "pattern": [
      "###",
      "###"
    ],
    "key": {
      "#": {
        "item": "minecraft:stained_glass",
        "data": 11
      }
    },
	"unlock": [
      {
        "item": "minecraft:stained_glass",
        "data": 11
      }
    ],
    "result": {
      "item": "minecraft:stained_glass_pane",
      "data": 11,
      "count": 16
    }
  }
}
